{"dataset":"some_dataset","model":{"w":[[0.2843078076839447,0.9860875606536865,0.25610601902008057,0.4310906231403351,0.40296393632888794,0.35526084899902344],[0.29019561409950256,0.08559603244066238,0.528447151184082,0.13031722605228424,-0.36186695098876953,0.20775623619556427]],"b":[[0.07985668629407883,-0.19281619787216187,1.2148175239562988],[-0.32340916991233826,0.3482747972011566]]}}